{"cameraMode":{"drawMode":0,"name":"Shaded","section":"Shading Mode"},"sceneLighting":false,"audioPlay":false,"sceneViewState":{"showFog":true,"showMaterialUpdate":false,"showSkybox":false,"showFlares":true,"showImageEffects":true,"showParticleSystems":true},"in2DMode":false,"pivot":{"x":-11.20688247680664,"y":-16.083396911621095,"z":-13.710372924804688},"rotation":{"x":-0.12039945274591446,"y":0.8790866732597351,"z":-0.34178635478019717,"w":-0.30968016386032107},"size":12.787637710571289,"orthographic":false}