{"cameraMode":{"drawMode":0,"name":"Shaded","section":"Shading Mode"},"sceneLighting":true,"audioPlay":false,"sceneViewState":{"showFog":true,"showMaterialUpdate":false,"showSkybox":true,"showFlares":true,"showImageEffects":true,"showParticleSystems":true},"in2DMode":false,"pivot":{"x":503.4962463378906,"y":279.9617919921875,"z":207.88897705078126},"rotation":{"x":0.021281719207763673,"y":0.049464114010334018,"z":-0.0010542423697188497,"w":0.9985492825508118},"size":507.4627990722656,"orthographic":false}