{"cameraMode":{"drawMode":0,"name":"Shaded","section":"Shading Mode"},"sceneLighting":false,"audioPlay":false,"sceneViewState":{"showFog":true,"showMaterialUpdate":false,"showSkybox":false,"showFlares":true,"showImageEffects":true,"showParticleSystems":true},"in2DMode":false,"pivot":{"x":-5.058368682861328,"y":0.0472758412361145,"z":-3.5297439098358156},"rotation":{"x":-0.01665705069899559,"y":0.8879309296607971,"z":-0.03225455433130264,"w":-0.45854708552360537},"size":6.0814995765686039,"orthographic":false}