{"cameraMode":{"drawMode":0,"name":"Shaded","section":"Shading Mode"},"sceneLighting":false,"audioPlay":false,"sceneViewState":{"showFog":true,"showMaterialUpdate":false,"showSkybox":false,"showFlares":true,"showImageEffects":true,"showParticleSystems":true},"in2DMode":false,"pivot":{"x":137.98519897460938,"y":-35.41680908203125,"z":-112.23301696777344},"rotation":{"x":-0.15227098762989045,"y":0.8456774353981018,"z":-0.39235639572143557,"w":-0.32820653915405276},"size":542.1651000976563,"orthographic":false}