{"cameraMode":{"drawMode":0,"name":"Shaded","section":"Shading Mode"},"sceneLighting":false,"audioPlay":false,"sceneViewState":{"showFog":true,"showMaterialUpdate":false,"showSkybox":false,"showFlares":true,"showImageEffects":true,"showParticleSystems":true},"in2DMode":false,"pivot":{"x":-0.6645410656929016,"y":-0.1453993320465088,"z":-0.0989316999912262},"rotation":{"x":0.3806830942630768,"y":-0.038820039480924609,"z":0.015998035669326783,"w":0.923751711845398},"size":0.7497106194496155,"orthographic":true}