{"cameraMode":{"drawMode":0,"name":"Shaded","section":"Shading Mode"},"sceneLighting":true,"audioPlay":false,"sceneViewState":{"showFog":true,"showMaterialUpdate":false,"showSkybox":true,"showFlares":true,"showImageEffects":true,"showParticleSystems":true},"in2DMode":false,"pivot":{"x":575.0822143554688,"y":320.3418273925781,"z":495.438232421875},"rotation":{"x":-0.05573631450533867,"y":-0.03983011841773987,"z":0.0022252018097788097,"w":-0.9976483583450317},"size":628.4727172851563,"orthographic":false}