{"cameraMode":{"drawMode":0,"name":"Shaded","section":"Shading Mode"},"sceneLighting":false,"audioPlay":false,"sceneViewState":{"showFog":true,"showMaterialUpdate":false,"showSkybox":false,"showFlares":true,"showImageEffects":true,"showParticleSystems":true},"in2DMode":false,"pivot":{"x":-0.5787230730056763,"y":-1.7325135469436646,"z":0.09495890140533447},"rotation":{"x":0.5389376878738403,"y":0.06179657205939293,"z":-0.03967142105102539,"w":0.8391559720039368},"size":1.6240758895874024,"orthographic":false}