{"cameraMode":{"drawMode":0,"name":"Shaded","section":"Shading Mode"},"sceneLighting":false,"audioPlay":false,"sceneViewState":{"showFog":true,"showMaterialUpdate":false,"showSkybox":false,"showFlares":true,"showImageEffects":true,"showParticleSystems":true},"in2DMode":false,"pivot":{"x":0.007356762886047363,"y":-1.3129717111587525,"z":0.2668086588382721},"rotation":{"x":-0.3734622597694397,"y":0.599769651889801,"z":-0.3721197545528412,"w":-0.601934552192688},"size":1.4348554611206055,"orthographic":false}