{"cameraMode":{"drawMode":0,"name":"Shaded","section":"Shading Mode"},"sceneLighting":false,"audioPlay":false,"sceneViewState":{"showFog":true,"showMaterialUpdate":false,"showSkybox":false,"showFlares":true,"showImageEffects":true,"showParticleSystems":true},"in2DMode":false,"pivot":{"x":-0.6645410656929016,"y":-0.1453993320465088,"z":-0.0989316999912262},"rotation":{"x":0.20331287384033204,"y":-0.03817412257194519,"z":0.007933231070637703,"w":0.9783368706703186},"size":0.7497106194496155,"orthographic":true}