{"cameraMode":{"drawMode":0,"name":"Shaded","section":"Shading Mode"},"sceneLighting":false,"audioPlay":false,"sceneViewState":{"showFog":true,"showMaterialUpdate":false,"showSkybox":false,"showFlares":true,"showImageEffects":true,"showParticleSystems":true},"in2DMode":false,"pivot":{"x":0.10893547534942627,"y":-1.7234256267547608,"z":0.4389512538909912},"rotation":{"x":0.5140803456306458,"y":-0.24792179465293885,"z":0.15819163620471955,"w":0.8057671785354614},"size":2.2240757942199709,"orthographic":false}