{"cameraMode":{"drawMode":0,"name":"Shaded","section":"Shading Mode"},"sceneLighting":false,"audioPlay":false,"sceneViewState":{"showFog":true,"showMaterialUpdate":false,"showSkybox":false,"showFlares":true,"showImageEffects":true,"showParticleSystems":true},"in2DMode":false,"pivot":{"x":0.6182270646095276,"y":0.03365302085876465,"z":0.7489186525344849},"rotation":{"x":0.38896065950393679,"y":-0.04005441442131996,"z":0.01693493314087391,"w":0.9202415347099304},"size":2.169623613357544,"orthographic":false}