{"cameraMode":{"drawMode":0,"name":"Shaded","section":"Shading Mode"},"sceneLighting":true,"audioPlay":false,"sceneViewState":{"showFog":true,"showMaterialUpdate":false,"showSkybox":true,"showFlares":true,"showImageEffects":true,"showParticleSystems":true},"in2DMode":false,"pivot":{"x":531.3447265625,"y":-117.82781982421875,"z":1011.5235595703125},"rotation":{"x":-0.2028702050447464,"y":-0.014102684333920479,"z":0.002922103740274906,"w":-0.9790997505187988},"size":1128.8572998046875,"orthographic":false}