{"cameraMode":{"drawMode":0,"name":"Shaded","section":"Shading Mode"},"sceneLighting":false,"audioPlay":false,"sceneViewState":{"showFog":true,"showMaterialUpdate":false,"showSkybox":false,"showFlares":true,"showImageEffects":true,"showParticleSystems":true},"in2DMode":false,"pivot":{"x":-2.250598192214966,"y":-2.8012537956237795,"z":1.2996431589126588},"rotation":{"x":-0.4200807809829712,"y":0.31406715512275698,"z":-0.1576898843050003,"w":-0.836683452129364},"size":2.9576168060302736,"orthographic":false}