{"cameraMode":{"drawMode":0,"name":"Shaded","section":"Shading Mode"},"sceneLighting":true,"audioPlay":false,"sceneViewState":{"showFog":true,"showMaterialUpdate":false,"showSkybox":true,"showFlares":true,"showImageEffects":true,"showParticleSystems":true},"in2DMode":false,"pivot":{"x":82.80279541015625,"y":-251.00445556640626,"z":966.745361328125},"rotation":{"x":-0.2028702050447464,"y":-0.014102684333920479,"z":0.002922103740274906,"w":-0.9790997505187988},"size":970.5792236328125,"orthographic":false}