{"cameraMode":{"drawMode":0,"name":"Shaded","section":"Shading Mode"},"sceneLighting":true,"audioPlay":false,"sceneViewState":{"showFog":true,"showMaterialUpdate":false,"showSkybox":true,"showFlares":true,"showImageEffects":true,"showParticleSystems":true},"in2DMode":false,"pivot":{"x":4.01874303817749,"y":-4.360530853271484,"z":-1.658057689666748},"rotation":{"x":-0.05950991064310074,"y":0.7788057327270508,"z":-0.6199449896812439,"w":-0.07475928962230683},"size":11.026998519897461,"orthographic":true}